id,first_name,last_name,title,email,dob,subject1,subject2
1,Bern,Oleszczak,Mr,boleszczak0@test.com,24/12/2000,Biology,Chemistry
2,Daria,Innocenti,Ms,dinnocenti1@test.com,01/09/2000,History,Geography
3,Thorstein,Cicchetto,Honorable,tcicchetto2@test.com,06/09/2002,Physics,
4,Georgianna,Brafield,Honorable,gbrafield3@test.com,16/07/2002,Biology,Geography
5,Bryanty,Breche,Dr,bbreche4@test.com,23/10/2001,History,
6,Murvyn,Birchall,Rev,mbirchall5@test.com,08/11/2002,Geography,
7,Sherline,McNysche,Honorable,smcnysche6@test.com,28/02/2000,Geography,
8,Dukie,Neely,Honorable,dneely7@test.com,18/06/2000,Physics,Biology
9,Mil,Udie,Honorable,mudie8@test.com,07/06/2002,History,
10,Tiffany,Philpot,Dr,tphilpot9@test.com,12/11/2002,Chemistry,Biology
11,Elga,Braim,Rev,ebraima@test.com,14/05/2002,Physics,
12,Zara,Benettelli,Mr,zbenettellib@test.com,07/11/2001,Biology,
13,Emogene,Romera,Ms,eromerac@test.com,28/01/2002,Geography,Physics
14,Bail,Reuble,Ms,breubled@test.com,27/10/2003,Biology,
15,Borden,Igoe,Rev,bigoee@test.com,26/06/2003,Geography,
16,Essy,Nation,Dr,enationf@test.com,28/05/2001,Biology,Chemistry
17,Arch,Kitchen,Honorable,akitcheng@test.com,26/01/2000,Chemistry,History
18,Elle,Beagrie,Dr,ebeagrieh@test.com,07/01/2002,Physics,Geography
19,Brietta,Pietzker,Rev,bpietzkeri@test.com,11/09/2002,Chemistry,
20,Dar,Mallan,Honorable,dmallanj@test.com,31/03/2001,Chemistry,History
